	predicted	true value
0	1	1.0
1	2	2.0
2	2	2.0
3	2	3.0
4	2	2.0
5	0	0.0
6	1	1.0
7	2	2.0
8	1	2.0
9	0	0.0
10	1	1.0
11	1	1.0
12	1	1.0
13	2	2.0
14	2	2.0
15	3	2.0
16	2	2.0
17	2	2.0
18	2	2.0
19	1	1.0
20	2	2.0
21	3	2.0
22	2	3.0
23	0	0.0
24	3	3.0
25	3	2.0
26	2	3.0
27	1	1.0
28	2	2.0
29	1	2.0
30	0	0.0
31	1	2.0
32	2	2.0
33	1	1.0
34	2	2.0
35	3	3.0
36	1	1.0
37	0	0.0
38	1	1.0
39	0	0.0
40	3	3.0
41	3	3.0
42	1	1.0
43	1	1.0
44	1	1.0
45	2	2.0
46	2	2.0
47	1	1.0
48	0	0.0
49	1	1.0
50	2	2.0
51	1	1.0
52	1	1.0
53	1	1.0
54	1	1.0
55	2	2.0
56	1	1.0
57	2	3.0
58	2	2.0
59	2	2.0
60	2	2.0
61	0	0.0
62	1	1.0
63	2	2.0
64	0	0.0
65	2	2.0
66	2	3.0
67	1	1.0
68	2	3.0
69	2	2.0
70	1	1.0
71	2	2.0
72	2	2.0
73	2	3.0
74	2	2.0
75	0	0.0
76	2	2.0
77	3	3.0
78	1	1.0
79	1	1.0
80	1	1.0
81	1	1.0
82	2	2.0
83	2	2.0
84	1	1.0
85	1	1.0
86	1	1.0
87	2	2.0
88	1	1.0
89	1	1.0
90	2	2.0
91	3	3.0
92	3	3.0
93	3	3.0
94	3	3.0
95	1	1.0
96	2	2.0
97	3	3.0
98	1	1.0
99	0	0.0
100	1	1.0
101	3	3.0
102	2	2.0
103	3	3.0
104	0	0.0
105	1	1.0
106	3	2.0
107	3	3.0
108	2	3.0
109	2	2.0
110	1	1.0
111	0	0.0
112	3	3.0
113	2	2.0
114	1	1.0
115	2	2.0
116	2	2.0
117	0	0.0
118	1	2.0
119	1	2.0
120	1	1.0
121	1	1.0
122	1	1.0
123	1	1.0
124	3	3.0
125	1	1.0
126	1	1.0
127	2	2.0
128	3	3.0
129	1	1.0
130	2	2.0
131	1	1.0
132	1	1.0
133	2	2.0
134	1	1.0
135	1	1.0
136	2	2.0
137	2	2.0
138	1	1.0
139	2	2.0
140	1	1.0
141	2	2.0
142	1	1.0
143	1	1.0
144	0	0.0
145	2	2.0
146	2	2.0
147	1	1.0
148	3	3.0
149	1	1.0
150	3	3.0
151	2	2.0
152	1	1.0
153	3	3.0
154	1	1.0
155	1	1.0
156	2	2.0
157	3	3.0
158	0	0.0
159	0	0.0
160	3	3.0
161	2	2.0
162	3	3.0
163	2	2.0
164	3	3.0
165	1	1.0
166	2	2.0
167	2	2.0
168	0	0.0
169	1	2.0
170	0	0.0
171	3	2.0
172	2	2.0
173	2	2.0
174	3	3.0
175	1	2.0
176	2	2.0
177	1	1.0
178	2	2.0
179	2	2.0
180	0	0.0
181	1	1.0
182	1	1.0
183	1	1.0
184	2	2.0
185	0	0.0
186	1	1.0
187	2	2.0
188	1	1.0
189	2	2.0
190	2	2.0
191	2	2.0
192	0	0.0
193	3	3.0
194	3	2.0
195	1	1.0
196	1	1.0
197	3	2.0
198	2	2.0
199	2	2.0
200	2	2.0
201	2	2.0
202	0	0.0
203	1	1.0
204	1	2.0
205	1	1.0
206	2	2.0
207	1	1.0
208	2	2.0
209	1	1.0
210	2	2.0
211	3	3.0
212	1	1.0
213	2	2.0
214	0	0.0
215	2	2.0
216	1	1.0
217	2	2.0
218	1	1.0
219	3	3.0
220	2	3.0
221	1	1.0
222	1	1.0
223	0	0.0
224	2	2.0
225	2	2.0
226	2	2.0
227	0	0.0
228	3	3.0
229	1	2.0
230	3	3.0
231	1	1.0
232	1	1.0
233	1	1.0
234	1	2.0
235	2	2.0
236	2	2.0
237	3	3.0
238	1	1.0
239	2	3.0
240	2	2.0
241	1	1.0
242	3	3.0
243	2	2.0
244	2	2.0
245	2	2.0
246	1	1.0
247	3	2.0
248	3	3.0
249	3	2.0
250	2	2.0
251	1	1.0
252	3	3.0
253	1	1.0
254	1	1.0
255	3	3.0
256	0	0.0
257	2	2.0
258	3	3.0
259	2	2.0
260	3	2.0
261	3	3.0
262	2	2.0
263	2	2.0
264	2	2.0
265	3	3.0
266	1	1.0
267	0	0.0
268	2	2.0
269	3	3.0
270	0	0.0
271	3	3.0
272	1	1.0
273	3	3.0
274	0	0.0
275	1	1.0
276	3	3.0
277	1	1.0
278	2	2.0
279	1	1.0
280	2	2.0
281	3	3.0
282	2	2.0
283	2	2.0
284	0	0.0
285	0	0.0
286	1	1.0
287	2	2.0
288	1	1.0
289	2	2.0
290	3	3.0
291	2	2.0
292	1	1.0
293	1	2.0
294	1	1.0
295	0	0.0
296	1	2.0
297	2	2.0
298	1	1.0
299	1	1.0
300	1	1.0
301	2	2.0
302	2	2.0
303	3	3.0
304	1	1.0
305	1	1.0
306	2	2.0
307	1	2.0
308	2	1.0
309	2	2.0
310	2	2.0
311	3	3.0
312	0	0.0
313	2	2.0
314	2	2.0
315	2	1.0
316	2	2.0
317	3	2.0
318	2	2.0
319	2	3.0
320	3	3.0
321	0	0.0
322	2	2.0
323	1	1.0
324	2	2.0
325	0	0.0
326	2	2.0
327	0	0.0
328	0	0.0
329	1	1.0
330	0	0.0
331	2	2.0
332	1	1.0
333	2	2.0
334	2	1.0
335	1	1.0
336	2	2.0
337	0	0.0
338	0	0.0
339	3	2.0
340	1	1.0
341	1	1.0
342	2	2.0
343	0	0.0
344	2	2.0
345	2	2.0
346	1	1.0
347	3	3.0
348	1	1.0
349	0	0.0
350	0	0.0
351	3	3.0
352	0	0.0
353	2	2.0
354	1	1.0
355	1	1.0
356	1	1.0
357	2	2.0
358	2	2.0
359	1	1.0
360	2	2.0
361	2	2.0
362	2	2.0
363	2	2.0
364	0	0.0
365	3	3.0
366	2	2.0
367	2	2.0
368	2	2.0
369	2	2.0
370	0	0.0
371	2	2.0
372	1	1.0
373	3	3.0
374	0	0.0
375	2	2.0
376	0	0.0
377	2	1.0
378	2	2.0
379	3	3.0
380	1	2.0
381	3	2.0
382	1	1.0
383	3	3.0
384	2	2.0
385	2	2.0
386	1	1.0
387	2	3.0
388	1	1.0
389	0	0.0
390	2	2.0
391	1	1.0
392	1	1.0
393	1	1.0
394	1	1.0
395	3	3.0
396	3	3.0
397	1	1.0
398	1	1.0
399	2	2.0
400	1	1.0
401	2	2.0
402	2	2.0
403	2	2.0
404	2	2.0
405	2	2.0
406	2	2.0
407	2	1.0
408	1	1.0
409	3	3.0
410	2	3.0
411	2	2.0
412	1	2.0
413	3	3.0
414	1	1.0
415	3	3.0
416	2	2.0
417	2	2.0
418	3	2.0
419	2	2.0
420	0	0.0
421	2	2.0
422	1	1.0
423	2	1.0
424	1	1.0
425	1	1.0
426	3	3.0
427	1	1.0
428	1	1.0
429	2	2.0
430	1	1.0
431	3	3.0
432	2	2.0
433	2	2.0
434	1	1.0
435	2	2.0
436	3	3.0
437	1	1.0
438	1	1.0
439	1	1.0
440	2	2.0
441	1	1.0
442	2	2.0
443	1	1.0
444	0	0.0
445	2	2.0
446	2	2.0
447	0	0.0
448	2	2.0
449	2	2.0
450	1	1.0
451	2	2.0
452	1	1.0
453	3	3.0
454	0	0.0
455	2	2.0
456	3	3.0
457	2	2.0
458	2	2.0
459	0	0.0
460	2	3.0
461	2	2.0
462	2	3.0
463	0	0.0
464	2	3.0
465	3	3.0
466	1	1.0
467	0	0.0
468	3	3.0
469	1	1.0
470	3	3.0
471	1	1.0
472	1	1.0
473	3	3.0
474	1	1.0
475	2	2.0
476	2	2.0
477	2	2.0
478	1	1.0
479	1	1.0
480	2	2.0
481	1	1.0
482	0	0.0
483	0	0.0
484	1	2.0
485	1	1.0
486	1	1.0
487	0	0.0
488	0	0.0
489	2	2.0
490	1	1.0
491	1	1.0
492	0	0.0
493	2	2.0
494	3	3.0
495	1	1.0
496	2	2.0
497	1	1.0
498	2	2.0
499	2	2.0
500	1	1.0
501	3	3.0
502	2	2.0
503	2	2.0
504	3	3.0
505	2	3.0
506	3	2.0
507	3	3.0
508	3	3.0
509	1	2.0
510	2	2.0
511	2	2.0
512	0	0.0
513	0	0.0
514	3	3.0
515	3	3.0
516	1	1.0
517	1	1.0
518	1	1.0
519	3	3.0
520	1	1.0
521	1	1.0
522	2	2.0
523	2	2.0
524	2	2.0
525	1	1.0
526	2	2.0
527	3	3.0
528	2	2.0
529	3	3.0
530	2	2.0
531	1	1.0
532	1	1.0
533	2	2.0
534	1	1.0
535	1	2.0
536	1	1.0
537	3	3.0
538	2	2.0
539	2	2.0
540	0	0.0
541	1	1.0
542	3	3.0
543	1	1.0
544	1	1.0
545	1	1.0
546	2	2.0
547	2	2.0
548	2	2.0
549	2	2.0
550	2	2.0
551	2	2.0
552	1	1.0
553	2	2.0
554	2	2.0
555	0	0.0
556	0	0.0
557	2	2.0
558	3	3.0
559	1	1.0
560	2	2.0
561	2	2.0
562	1	1.0
563	1	1.0
564	0	0.0
565	1	1.0
566	1	2.0
567	2	2.0
568	3	3.0
569	1	2.0
570	3	3.0
571	2	2.0
572	1	1.0
573	0	0.0
574	1	1.0
575	2	2.0
576	1	1.0
577	2	3.0
578	2	2.0
579	2	2.0
580	1	1.0
581	2	3.0
582	0	0.0
583	1	1.0
584	1	1.0
585	3	3.0
586	1	1.0
587	2	3.0
588	1	1.0
589	0	0.0
590	1	1.0
591	2	3.0
592	1	1.0
593	2	2.0
594	1	1.0
595	2	2.0
596	1	1.0
597	2	2.0
598	1	1.0
599	3	3.0
600	1	1.0
601	3	3.0
602	1	1.0
603	2	2.0
604	2	2.0
605	2	2.0
606	2	3.0
607	1	1.0
608	1	1.0
609	0	0.0
610	2	2.0
611	0	0.0
612	3	3.0
613	2	2.0
614	3	3.0
615	1	1.0
616	2	2.0
617	3	3.0
618	2	2.0
619	2	2.0
620	2	2.0
621	2	2.0
622	3	3.0
623	3	3.0
624	0	0.0
625	1	1.0
626	2	2.0
627	2	3.0
628	3	2.0
629	2	2.0
630	2	2.0
631	2	3.0
632	2	3.0
633	2	2.0
634	2	2.0
635	0	0.0
636	2	2.0
637	2	1.0
638	3	3.0
639	2	2.0
640	2	2.0
641	0	0.0
642	3	3.0
643	3	3.0
644	3	3.0
645	3	3.0
646	2	3.0
647	1	1.0
648	0	0.0
649	2	2.0
650	1	1.0
651	1	1.0
652	2	2.0
653	0	0.0
654	2	2.0
655	2	2.0
656	1	1.0
657	1	1.0
658	1	1.0
659	0	0.0
660	2	2.0
661	2	2.0
662	2	2.0
663	3	3.0
664	2	2.0
665	2	2.0
666	0	0.0
667	2	2.0
668	2	2.0
669	2	3.0
670	1	2.0
671	2	2.0
672	2	2.0
673	1	1.0
674	2	2.0
675	1	1.0
676	1	1.0
677	2	2.0
678	2	2.0
679	3	3.0
680	1	1.0
681	1	1.0
682	1	1.0
683	2	2.0
684	1	1.0
685	1	1.0
686	2	3.0
687	1	1.0
688	2	2.0
689	1	1.0
690	1	1.0
691	1	1.0
692	1	1.0
693	1	2.0
694	3	3.0
695	1	1.0
696	2	2.0
697	1	1.0
698	2	2.0
699	2	2.0
700	2	2.0
701	2	2.0
702	3	3.0
703	3	2.0
704	1	1.0
705	1	1.0
706	2	2.0
707	2	2.0
708	2	2.0
709	1	1.0
710	1	1.0
711	2	3.0
712	2	2.0
713	2	3.0
714	0	0.0
715	3	3.0
716	0	0.0
717	2	2.0
718	3	3.0
719	0	0.0
720	2	2.0
721	0	0.0
722	1	2.0
723	1	2.0
724	2	2.0
725	2	2.0
726	2	2.0
727	1	1.0
728	2	2.0
729	1	1.0
730	0	0.0
731	1	1.0
732	3	3.0
733	2	2.0
734	1	1.0
735	2	2.0
736	1	1.0
737	3	3.0
738	2	2.0
739	3	3.0
740	3	3.0
741	3	3.0
742	0	0.0
743	2	2.0
744	1	1.0
745	2	2.0
746	0	0.0
747	1	1.0
748	2	2.0
749	3	3.0
750	1	1.0
751	2	1.0
752	1	1.0
753	2	3.0
754	2	2.0
755	1	2.0
756	0	0.0
757	0	0.0
758	1	1.0
759	1	1.0
760	1	1.0
761	0	0.0
762	1	1.0
763	1	1.0
764	2	2.0
765	0	0.0
766	1	1.0
767	2	1.0
768	2	2.0
769	0	0.0
770	3	3.0
771	2	2.0
772	3	3.0
773	3	2.0
774	3	3.0
775	1	3.0
776	1	1.0
777	2	2.0
778	2	2.0
779	1	1.0
780	2	2.0
781	1	1.0
782	3	3.0
783	1	1.0
784	3	3.0
785	2	2.0
786	1	1.0
787	1	1.0
788	3	3.0
789	2	2.0
790	3	3.0
791	3	3.0
792	1	1.0
793	2	3.0
794	3	3.0
795	2	2.0
796	2	2.0
797	1	1.0
798	2	2.0
799	3	3.0
800	1	1.0
801	2	2.0
802	1	1.0
803	0	0.0
804	1	2.0
805	1	1.0
806	1	1.0
807	2	2.0
808	2	2.0
809	2	2.0
810	3	2.0
811	2	2.0
812	3	3.0
813	1	2.0
814	0	0.0
815	2	2.0
816	3	3.0
817	2	2.0
818	2	3.0
819	2	2.0
820	1	1.0
821	3	3.0
822	2	3.0
823	2	2.0
824	1	1.0
825	1	2.0
826	2	2.0
827	2	2.0
828	1	1.0
829	3	3.0
830	3	3.0
831	3	3.0
832	3	3.0
833	3	3.0
834	1	1.0
835	2	2.0
836	2	2.0
837	0	0.0
838	2	2.0
839	0	0.0
840	1	1.0
841	2	2.0
842	3	3.0
843	3	2.0
844	2	2.0
845	2	3.0
846	1	1.0
847	2	2.0
848	2	2.0
849	0	0.0
850	3	3.0
851	1	1.0
852	0	0.0
853	2	2.0
854	0	0.0
855	1	1.0
856	0	0.0
857	2	3.0
858	2	2.0
859	3	3.0
860	2	2.0
861	2	2.0
862	2	2.0
863	2	2.0
864	2	3.0
865	3	3.0
866	1	2.0
867	2	2.0
868	3	3.0
869	0	0.0
870	2	2.0
871	2	2.0
872	3	3.0
873	0	0.0
874	1	1.0
875	1	1.0
876	2	2.0
877	3	3.0
878	1	1.0
879	3	3.0
880	1	2.0
881	1	1.0
882	2	2.0
883	1	1.0
884	2	2.0
885	2	2.0
886	2	2.0
887	2	2.0
888	0	0.0
889	0	0.0
890	2	2.0
891	1	1.0
892	3	3.0
893	3	2.0
894	2	2.0
895	3	3.0
896	1	1.0
897	3	3.0
898	2	2.0
899	3	3.0
900	2	2.0
901	2	2.0
902	2	2.0
903	3	3.0
904	1	1.0
905	3	3.0
906	1	1.0
907	2	2.0
908	1	1.0
909	2	1.0
910	1	1.0
911	0	0.0
912	0	0.0
913	1	1.0
914	2	2.0
915	1	1.0
916	2	2.0
917	2	2.0
918	1	1.0
919	1	1.0
920	0	0.0
921	0	0.0
922	1	1.0
923	2	2.0
924	2	2.0
925	3	3.0
926	1	1.0
927	2	2.0
928	2	3.0
929	1	1.0
930	3	3.0
931	1	1.0
932	2	2.0
933	3	3.0
934	1	2.0
935	2	2.0
936	2	2.0
937	0	0.0
938	2	2.0
939	1	1.0
940	2	2.0
941	2	3.0
942	2	2.0
943	2	2.0
944	2	2.0
945	2	2.0
946	2	2.0
947	3	3.0
948	1	1.0
949	1	1.0
950	1	1.0
951	1	1.0
952	1	1.0
953	3	3.0
954	1	1.0
955	2	2.0
956	2	2.0
957	3	3.0
958	1	1.0
959	0	0.0
960	3	3.0
961	2	2.0
962	2	2.0
963	1	1.0
964	3	2.0
965	2	2.0
966	1	1.0
967	1	1.0
968	1	2.0
969	0	0.0
970	2	2.0
971	3	3.0
972	2	2.0
973	1	1.0
974	1	1.0
975	1	1.0
976	1	1.0
977	1	1.0
978	3	3.0
979	2	3.0
980	2	3.0
981	1	1.0
982	2	2.0
983	2	2.0
984	1	1.0
985	2	3.0
986	3	3.0
987	3	1.0
988	3	3.0
989	2	1.0
990	2	2.0
991	2	2.0
992	2	3.0
993	2	2.0
994	1	1.0
995	0	0.0
996	2	3.0
997	2	2.0
998	2	2.0
999	1	1.0
1000	2	2.0
1001	2	1.0
1002	1	2.0
1003	2	2.0
1004	1	1.0
1005	1	1.0
1006	2	2.0
1007	0	0.0
1008	1	1.0
1009	1	1.0
1010	2	1.0
1011	0	0.0
1012	0	0.0
1013	1	2.0
1014	2	2.0
1015	0	0.0
1016	1	1.0
1017	2	2.0
1018	1	1.0
1019	3	3.0
1020	3	3.0
1021	1	1.0
1022	1	1.0
1023	1	1.0
1024	2	2.0
1025	1	1.0
1026	2	2.0
1027	2	2.0
1028	3	2.0
1029	2	2.0
1030	1	1.0
1031	0	0.0
1032	1	1.0
1033	2	2.0
1034	2	2.0
1035	3	3.0
1036	1	1.0
1037	3	3.0
1038	2	2.0
1039	1	2.0
1040	1	1.0
1041	2	2.0
1042	2	2.0
1043	1	1.0
1044	3	3.0
1045	2	2.0
1046	1	1.0
1047	1	1.0
1048	2	2.0
1049	2	2.0
1050	1	1.0
1051	2	2.0
1052	2	2.0
1053	1	1.0
1054	2	2.0
1055	0	0.0
1056	1	1.0
1057	1	1.0
1058	2	2.0
1059	2	2.0
1060	0	0.0
1061	2	2.0
1062	2	2.0
1063	1	2.0
1064	2	2.0
1065	0	0.0
1066	2	2.0
1067	1	2.0
1068	2	3.0
1069	1	1.0
1070	2	2.0
1071	2	2.0
1072	2	2.0
1073	2	2.0
1074	2	2.0
1075	1	1.0
1076	1	1.0
1077	1	1.0
1078	2	2.0
1079	1	1.0
1080	1	1.0
1081	2	2.0
1082	1	1.0
1083	3	3.0
1084	1	1.0
1085	1	1.0
1086	2	2.0
1087	2	2.0
1088	2	2.0
1089	3	2.0
1090	3	3.0
1091	2	2.0
1092	1	1.0
1093	2	2.0
1094	0	0.0
1095	1	2.0
1096	0	0.0
1097	2	2.0
1098	1	1.0
1099	0	0.0
1100	2	3.0
1101	1	1.0
1102	1	1.0
1103	1	1.0
1104	1	1.0
1105	1	1.0
1106	3	3.0
1107	2	2.0
1108	2	2.0
1109	2	3.0
1110	0	0.0
1111	0	0.0
1112	2	2.0
1113	1	1.0
1114	1	1.0
1115	2	2.0
1116	2	2.0
1117	1	2.0
1118	3	3.0
1119	0	0.0
1120	3	3.0
1121	1	1.0
1122	3	3.0
1123	1	1.0
1124	2	2.0
1125	0	0.0
1126	2	2.0
1127	1	1.0
1128	2	2.0
1129	2	2.0
1130	2	3.0
1131	1	1.0
1132	2	2.0
1133	2	2.0
1134	3	3.0
1135	1	1.0
1136	1	1.0
1137	2	2.0
1138	2	2.0
1139	1	1.0
1140	2	2.0
1141	1	1.0
1142	1	1.0
1143	0	0.0
1144	0	0.0
1145	2	2.0
1146	1	2.0
1147	2	2.0
1148	2	2.0
1149	2	2.0
1150	2	2.0
1151	0	0.0
1152	3	3.0
1153	2	2.0
1154	3	3.0
1155	1	2.0
1156	1	1.0
1157	0	0.0
1158	1	1.0
1159	1	1.0
1160	1	1.0
1161	2	3.0
1162	2	2.0
1163	2	1.0
1164	2	3.0
1165	2	2.0
1166	1	1.0
1167	2	2.0
1168	1	1.0
1169	1	1.0
1170	2	2.0
1171	3	3.0
1172	1	1.0
1173	2	1.0
1174	2	2.0
1175	1	1.0
1176	3	3.0
1177	0	0.0
1178	2	2.0
1179	2	2.0
1180	2	2.0
1181	1	1.0
1182	2	2.0
1183	2	2.0
1184	1	1.0
1185	2	2.0
1186	2	1.0
1187	3	3.0
1188	1	1.0
1189	1	1.0
1190	1	1.0
1191	1	1.0
1192	1	1.0
1193	1	1.0
1194	2	2.0
1195	2	2.0
1196	1	1.0
1197	2	2.0
1198	1	2.0
1199	1	1.0
1200	1	1.0
1201	3	3.0
1202	0	0.0
1203	3	3.0
1204	3	3.0
1205	3	2.0
1206	2	2.0
1207	2	2.0
1208	1	1.0
1209	2	2.0
1210	2	2.0
1211	3	3.0
1212	0	0.0
1213	1	1.0
1214	2	2.0
1215	3	3.0
1216	2	2.0
1217	2	2.0
1218	2	2.0
1219	2	2.0
1220	0	0.0
1221	1	1.0
1222	1	1.0
1223	3	2.0
1224	2	2.0
1225	1	1.0
1226	1	1.0
1227	2	2.0
1228	0	0.0
1229	1	1.0
1230	1	1.0
1231	0	0.0
1232	1	1.0
1233	0	0.0
1234	3	3.0
1235	3	3.0
1236	1	1.0
1237	1	1.0
1238	2	2.0
1239	0	0.0
1240	2	2.0
1241	3	3.0
1242	1	1.0
1243	1	1.0
1244	2	2.0
1245	3	3.0
1246	2	2.0
1247	0	0.0
1248	1	1.0
1249	1	1.0
1250	0	0.0
1251	1	1.0
1252	1	1.0
1253	1	1.0
1254	2	2.0
1255	1	1.0
1256	1	1.0
1257	2	1.0
1258	0	0.0
1259	2	2.0
1260	3	3.0
1261	2	2.0
1262	1	1.0
1263	3	2.0
1264	1	1.0
1265	1	1.0
1266	2	1.0
1267	0	0.0
1268	2	2.0
1269	2	2.0
1270	3	3.0
1271	3	3.0
1272	2	2.0
1273	1	1.0
1274	3	3.0
1275	1	1.0
1276	1	1.0
1277	2	2.0
1278	2	2.0
1279	1	1.0
1280	3	3.0
1281	1	1.0
1282	1	1.0
1283	2	2.0
1284	2	2.0
1285	2	2.0
1286	3	3.0
1287	1	1.0
1288	1	1.0
1289	2	2.0
1290	3	3.0
1291	2	1.0
1292	0	0.0
1293	1	1.0
1294	1	1.0
1295	2	3.0
1296	2	2.0
1297	1	1.0
1298	2	2.0
1299	1	2.0
1300	2	3.0
1301	2	2.0
1302	3	3.0
1303	2	2.0
1304	3	3.0
1305	3	3.0
1306	1	2.0
1307	3	3.0
1308	1	1.0
1309	2	2.0
1310	3	3.0
1311	0	0.0
1312	3	2.0
1313	1	1.0
1314	2	2.0
1315	1	1.0
1316	3	3.0
1317	1	1.0
1318	3	3.0
1319	2	2.0
1320	2	2.0
1321	2	2.0
1322	3	3.0
1323	1	1.0
1324	1	1.0
1325	3	3.0
1326	2	2.0
1327	2	2.0
1328	1	2.0
1329	3	2.0
1330	3	2.0
1331	2	2.0
1332	1	2.0
1333	2	2.0
1334	1	1.0
1335	0	0.0
1336	2	2.0
1337	2	2.0
1338	1	1.0
1339	0	0.0
1340	0	0.0
1341	3	2.0
1342	3	3.0
1343	2	2.0
1344	0	0.0
1345	1	1.0
1346	2	2.0
1347	1	1.0
1348	1	1.0
1349	2	2.0
1350	1	1.0
1351	2	2.0
1352	1	1.0
1353	2	3.0
1354	2	2.0
1355	2	2.0
1356	1	1.0
1357	2	2.0
1358	2	2.0
1359	2	2.0
1360	1	1.0
1361	3	3.0
1362	2	3.0
1363	1	1.0
1364	1	1.0
1365	1	1.0
1366	2	2.0
1367	2	3.0
1368	2	2.0
1369	1	1.0
1370	2	2.0
1371	0	0.0
1372	3	3.0
1373	2	2.0
1374	1	1.0
1375	2	2.0
1376	1	2.0
1377	2	2.0
1378	1	1.0
1379	0	0.0
1380	3	3.0
1381	2	2.0
1382	0	0.0
1383	2	2.0
1384	2	2.0
1385	1	1.0
1386	0	0.0
1387	2	2.0
1388	0	0.0
1389	2	2.0
1390	2	2.0
1391	1	1.0
1392	1	1.0
1393	0	0.0
1394	1	1.0
1395	3	3.0
1396	1	1.0
1397	1	1.0
1398	3	3.0
1399	2	2.0
1400	3	3.0
1401	0	0.0
1402	1	1.0
1403	1	1.0
1404	1	1.0
1405	1	1.0
1406	0	0.0
1407	0	0.0
1408	3	3.0
1409	2	2.0
1410	2	2.0
1411	3	3.0
1412	0	0.0
1413	3	3.0
1414	1	1.0
1415	2	2.0
1416	2	2.0
1417	1	1.0
1418	1	1.0
1419	2	2.0
1420	0	0.0
1421	2	2.0
1422	1	1.0
1423	3	3.0
1424	3	2.0
1425	2	2.0
1426	1	1.0
1427	3	3.0
1428	3	3.0
1429	1	1.0
1430	1	1.0
1431	2	2.0
1432	2	2.0
1433	2	2.0
1434	2	2.0
1435	1	1.0
1436	2	2.0
1437	2	3.0
1438	2	2.0
1439	3	3.0
1440	1	1.0
1441	2	2.0
1442	2	2.0
1443	1	1.0
1444	1	1.0
1445	2	3.0
1446	2	2.0
1447	0	0.0
1448	1	1.0
1449	2	2.0
1450	1	1.0
1451	3	2.0
1452	0	0.0
1453	0	0.0
1454	1	1.0
1455	1	1.0
1456	2	2.0
1457	0	0.0
1458	2	2.0
1459	0	0.0
1460	0	0.0
1461	0	0.0
1462	2	2.0
1463	2	2.0
1464	3	3.0
1465	2	2.0
1466	2	2.0
1467	0	0.0
1468	1	1.0
1469	1	1.0
1470	2	2.0
1471	3	3.0
1472	1	1.0
1473	3	3.0
1474	3	3.0
1475	3	3.0
1476	2	1.0
1477	2	2.0
1478	1	1.0
1479	2	2.0
1480	2	2.0
1481	2	2.0
1482	0	0.0
1483	2	2.0
1484	2	2.0
1485	2	2.0
1486	3	2.0
1487	3	2.0
1488	2	2.0
1489	2	3.0
1490	2	2.0
1491	1	1.0
1492	1	1.0
1493	1	1.0
1494	1	1.0
1495	2	2.0
1496	1	1.0
1497	2	2.0
1498	2	2.0
1499	2	2.0
1500	2	3.0
1501	2	2.0
1502	3	3.0
1503	0	0.0
1504	3	2.0
1505	3	3.0
1506	1	1.0
1507	2	3.0
1508	2	2.0
1509	1	1.0
1510	2	3.0
1511	1	1.0
1512	2	2.0
1513	1	1.0
1514	1	1.0
1515	2	2.0
1516	2	2.0
1517	2	2.0
1518	2	2.0
1519	2	3.0
1520	2	2.0
1521	3	3.0
1522	1	1.0
1523	2	2.0
1524	1	1.0
1525	2	2.0
1526	1	1.0
1527	2	2.0
1528	0	0.0
1529	1	1.0
1530	2	2.0
1531	1	1.0
1532	1	1.0
1533	0	0.0
1534	2	2.0
1535	1	1.0
1536	2	2.0
1537	2	2.0
1538	2	2.0
1539	1	1.0
1540	2	2.0
1541	2	2.0
1542	1	1.0
1543	2	2.0
1544	2	2.0
1545	2	2.0
1546	1	1.0
1547	2	2.0
1548	3	3.0
1549	0	0.0
1550	2	2.0
1551	3	3.0
1552	1	2.0
1553	0	0.0
1554	0	0.0
1555	1	1.0
1556	1	2.0
1557	1	2.0
1558	0	0.0
1559	3	2.0
1560	1	1.0
1561	2	2.0
1562	2	2.0
1563	1	1.0
1564	3	3.0
1565	3	2.0
1566	1	1.0
1567	2	2.0
1568	1	1.0
1569	2	3.0
1570	2	2.0
1571	2	2.0
1572	2	2.0
1573	0	0.0
1574	2	2.0
1575	2	2.0
1576	0	0.0
1577	3	3.0
1578	2	2.0
1579	2	2.0
1580	1	1.0
1581	2	2.0
1582	0	0.0
1583	2	2.0
1584	2	2.0
1585	1	1.0
1586	1	1.0
1587	1	1.0
1588	3	3.0
1589	2	3.0
1590	2	2.0
1591	2	2.0
1592	1	1.0
1593	3	3.0
1594	0	0.0
1595	2	1.0
1596	3	3.0
1597	0	0.0
1598	1	1.0
1599	2	3.0
1600	3	3.0
1601	2	2.0
1602	2	2.0
1603	3	3.0
1604	2	2.0
1605	0	0.0
1606	0	0.0
1607	3	3.0
1608	3	3.0
1609	0	0.0
1610	0	0.0
1611	1	1.0
1612	0	0.0
1613	1	1.0
1614	3	3.0
1615	2	1.0
1616	2	2.0
1617	1	1.0
1618	2	2.0
1619	0	0.0
1620	1	1.0
1621	2	2.0
1622	1	1.0
1623	1	1.0
1624	1	1.0
1625	2	2.0
1626	2	2.0
1627	3	3.0
1628	2	2.0
1629	2	2.0
1630	3	3.0
1631	2	2.0
1632	2	2.0
1633	2	2.0
1634	2	2.0
1635	2	2.0
1636	2	2.0
1637	1	1.0
1638	3	2.0
1639	2	2.0
1640	1	1.0
1641	1	1.0
1642	2	2.0
1643	1	1.0
1644	3	3.0
1645	2	2.0
1646	2	2.0
1647	2	2.0
1648	1	1.0
1649	1	1.0
1650	1	1.0
1651	2	2.0
1652	2	2.0
1653	2	2.0
1654	0	0.0
1655	2	2.0
1656	1	1.0
1657	2	2.0
1658	1	1.0
1659	1	1.0
1660	2	2.0
1661	1	1.0
1662	2	2.0
1663	2	2.0
1664	3	3.0
1665	3	3.0
1666	0	0.0
1667	0	0.0
1668	1	1.0
1669	2	2.0
1670	2	2.0
1671	2	2.0
1672	1	1.0
1673	1	1.0
1674	2	2.0
1675	2	2.0
1676	1	1.0
1677	1	1.0
1678	1	1.0
1679	0	0.0
1680	1	1.0
1681	2	3.0
1682	2	2.0
1683	2	2.0
1684	3	3.0
1685	1	1.0
1686	2	2.0
1687	2	2.0
1688	2	1.0
1689	2	2.0
1690	3	3.0
1691	0	0.0
1692	3	3.0
1693	2	2.0
1694	0	0.0
1695	2	2.0
1696	1	1.0
1697	2	2.0
1698	2	1.0
1699	0	0.0
1700	3	3.0
1701	0	0.0
1702	2	2.0
1703	1	1.0
1704	1	2.0
1705	2	2.0
1706	0	0.0
1707	0	0.0
1708	1	1.0
1709	0	0.0
1710	2	2.0
1711	2	3.0
1712	2	2.0
1713	1	1.0
1714	1	1.0
1715	0	0.0
1716	1	1.0
1717	0	0.0
1718	2	2.0
1719	2	2.0
1720	2	2.0
1721	0	0.0
1722	1	1.0
1723	2	3.0
1724	1	1.0
1725	2	2.0
1726	1	2.0
1727	3	2.0
1728	2	2.0
1729	2	2.0
1730	2	2.0
1731	1	1.0
1732	2	2.0
1733	1	1.0
1734	2	2.0
1735	2	1.0
1736	1	1.0
1737	2	2.0
1738	1	1.0
1739	1	1.0
1740	2	2.0
1741	1	1.0
1742	1	1.0
1743	2	3.0
1744	1	1.0
1745	3	3.0
1746	0	0.0
1747	3	3.0
1748	3	3.0
1749	2	2.0
1750	1	1.0
1751	2	1.0
1752	3	2.0
1753	0	0.0
1754	2	2.0
1755	2	2.0
1756	0	0.0
1757	1	1.0
1758	2	2.0
1759	0	0.0
1760	2	3.0
1761	3	3.0
1762	1	1.0
1763	2	2.0
1764	2	2.0
1765	3	3.0
1766	1	1.0
1767	2	2.0
1768	2	2.0
1769	1	1.0
1770	1	1.0
1771	1	2.0
1772	1	1.0
1773	1	1.0
1774	3	3.0
1775	2	3.0
1776	2	2.0
1777	2	3.0
1778	2	2.0
1779	3	3.0
1780	1	1.0
1781	1	1.0
1782	1	1.0
1783	2	2.0
1784	1	2.0
1785	2	2.0
1786	2	2.0
1787	0	0.0
1788	2	2.0
1789	2	2.0
1790	1	1.0
1791	2	2.0
1792	2	2.0
1793	2	2.0
1794	1	1.0
1795	1	1.0
1796	2	2.0
1797	0	0.0
1798	2	2.0
1799	2	2.0
1800	1	1.0
1801	1	1.0
1802	2	2.0
1803	1	1.0
1804	1	1.0
1805	2	1.0
1806	2	2.0
1807	2	2.0
1808	2	2.0
1809	2	2.0
1810	1	1.0
1811	2	2.0
1812	2	2.0
1813	1	1.0
1814	3	3.0
1815	1	1.0
1816	2	2.0
1817	1	1.0
1818	0	0.0
1819	1	1.0
1820	1	1.0
1821	3	3.0
1822	3	3.0
1823	0	0.0
1824	1	1.0
1825	1	1.0
1826	1	1.0
1827	2	2.0
1828	1	1.0
1829	3	3.0
1830	1	1.0
1831	3	3.0
1832	2	2.0
1833	1	1.0
1834	1	1.0
1835	1	1.0
1836	2	2.0
1837	2	3.0
1838	2	2.0
1839	1	1.0
1840	1	1.0
1841	2	3.0
1842	3	2.0
1843	1	1.0
1844	1	1.0
1845	1	1.0
1846	1	1.0
1847	2	2.0
1848	0	0.0
1849	2	1.0
1850	1	1.0
1851	2	2.0
1852	1	1.0
1853	2	2.0
1854	1	1.0
1855	1	1.0
1856	1	1.0
1857	1	1.0
1858	1	1.0
1859	2	3.0
1860	0	0.0
1861	3	3.0
1862	0	0.0
1863	1	1.0
1864	0	0.0
1865	0	0.0
1866	1	1.0
1867	2	2.0
1868	2	2.0
1869	2	2.0
1870	1	1.0
1871	3	3.0
1872	2	2.0
1873	3	3.0
1874	1	1.0
1875	2	2.0
1876	3	3.0
1877	2	2.0
1878	2	2.0
1879	0	0.0
1880	2	2.0
1881	1	1.0
1882	1	2.0
1883	2	2.0
1884	3	3.0
1885	2	2.0
1886	2	2.0
1887	1	1.0
1888	2	2.0
1889	2	2.0
1890	2	2.0
1891	2	2.0
1892	3	3.0
1893	2	2.0
1894	1	1.0
1895	2	2.0
1896	3	2.0
1897	3	3.0
1898	1	1.0
1899	2	2.0
1900	0	0.0
1901	1	1.0
1902	2	2.0
1903	3	3.0
1904	1	1.0
1905	2	2.0
1906	3	3.0
1907	2	2.0
1908	2	2.0
1909	0	0.0
1910	2	2.0
1911	2	2.0
1912	2	2.0
1913	2	1.0
1914	1	1.0
1915	2	2.0
1916	1	2.0
1917	1	1.0
1918	1	1.0
1919	0	0.0
1920	2	2.0
1921	1	1.0
1922	1	1.0
1923	1	1.0
1924	2	2.0
1925	1	1.0
1926	2	2.0
1927	3	3.0
1928	0	0.0
1929	2	2.0
1930	2	2.0
1931	2	2.0
1932	1	2.0
1933	1	1.0
1934	2	1.0
1935	2	2.0
1936	3	3.0
1937	1	1.0
1938	2	2.0
1939	2	2.0
1940	2	2.0
1941	2	2.0
1942	0	0.0
1943	2	2.0
1944	1	1.0
1945	3	3.0
1946	1	1.0
1947	1	1.0
1948	1	1.0
1949	2	3.0
1950	1	1.0
1951	3	3.0
1952	3	2.0
1953	0	0.0
1954	3	3.0
1955	1	2.0
1956	2	2.0
1957	1	1.0
1958	2	2.0
1959	0	0.0
1960	1	1.0
1961	3	3.0
1962	1	1.0
1963	1	1.0
1964	3	3.0
1965	2	2.0
1966	1	2.0
1967	1	1.0
1968	3	3.0
1969	2	2.0
1970	3	3.0
1971	1	1.0
1972	2	2.0
1973	3	3.0
1974	0	0.0
1975	3	2.0
1976	0	0.0
1977	1	1.0
1978	1	1.0
1979	2	2.0
1980	0	0.0
1981	1	1.0
1982	3	3.0
1983	1	1.0
1984	1	1.0
1985	2	2.0
1986	1	1.0
1987	3	3.0
1988	2	2.0
1989	2	2.0
1990	2	2.0
1991	1	1.0
1992	1	1.0
1993	2	2.0
1994	2	2.0
1995	1	1.0
1996	2	2.0
1997	3	3.0
1998	2	2.0
1999	2	2.0
2000	1	1.0
2001	2	2.0
2002	2	2.0
2003	2	2.0
2004	2	2.0
2005	3	3.0
2006	0	0.0
2007	2	2.0
2008	2	2.0
2009	1	1.0
2010	1	1.0
2011	2	2.0
2012	2	3.0
2013	1	1.0
2014	1	1.0
2015	1	1.0
2016	2	2.0
2017	1	1.0
2018	3	3.0
2019	2	2.0
2020	1	1.0
2021	1	1.0
2022	1	1.0
2023	0	0.0
2024	2	2.0
2025	1	1.0
2026	1	1.0
2027	2	2.0
2028	0	0.0
2029	1	1.0
2030	1	1.0
2031	2	2.0
2032	2	1.0
2033	2	2.0
2034	1	1.0
2035	2	2.0
2036	0	0.0
2037	2	2.0
2038	2	2.0
2039	1	1.0
2040	0	0.0
2041	1	1.0
2042	2	2.0
2043	0	0.0
2044	2	2.0
2045	2	2.0
2046	3	2.0
2047	0	0.0
2048	1	1.0
2049	0	0.0
2050	2	2.0
2051	2	2.0
2052	0	0.0
2053	1	1.0
2054	2	2.0
2055	0	0.0
2056	1	2.0
2057	3	3.0
2058	3	3.0
2059	2	2.0
2060	3	2.0
2061	1	1.0
2062	2	2.0
2063	2	2.0
2064	2	2.0
2065	3	3.0
2066	2	2.0
2067	2	2.0
2068	2	2.0
2069	1	1.0
2070	2	2.0
2071	3	3.0
2072	2	2.0
2073	3	3.0
2074	1	1.0
2075	2	2.0
2076	0	0.0
2077	2	2.0
2078	1	1.0
2079	3	3.0
2080	2	3.0
2081	1	1.0
2082	3	3.0
2083	3	3.0
2084	1	1.0
2085	1	1.0
2086	2	2.0
2087	3	3.0
2088	1	1.0
2089	3	3.0
2090	2	2.0
2091	2	2.0
2092	1	1.0
2093	2	2.0
2094	1	1.0
2095	2	3.0
2096	1	1.0
2097	3	3.0
2098	1	1.0
2099	3	3.0
2100	2	1.0
2101	1	1.0
2102	2	2.0
2103	2	1.0
2104	1	1.0
2105	3	3.0
2106	2	2.0
2107	3	3.0
2108	2	2.0
2109	2	2.0
2110	1	1.0
2111	2	3.0
2112	2	2.0
2113	1	1.0
2114	3	3.0
2115	3	3.0
2116	1	1.0
2117	2	2.0
2118	2	2.0
2119	0	0.0
2120	3	3.0
2121	1	3.0
2122	3	3.0
2123	0	0.0
2124	1	1.0
2125	0	0.0
2126	3	3.0
2127	2	3.0
2128	1	1.0
2129	1	1.0
2130	1	1.0
2131	0	0.0
2132	1	1.0
2133	1	1.0
2134	2	2.0
2135	1	1.0
2136	2	2.0
2137	2	2.0
2138	1	1.0
2139	1	1.0
2140	2	2.0
2141	1	2.0
2142	2	2.0
2143	2	2.0
2144	2	2.0
2145	2	2.0
2146	1	1.0
2147	3	3.0
2148	2	2.0
2149	1	1.0
2150	0	0.0
2151	2	2.0
2152	3	3.0
2153	1	1.0
2154	0	0.0
2155	2	2.0
2156	0	0.0
2157	0	0.0
2158	2	2.0
2159	2	2.0
2160	2	2.0
2161	0	0.0
2162	3	3.0
2163	3	3.0
2164	1	1.0
2165	3	3.0
2166	2	2.0
2167	1	1.0
2168	1	2.0
2169	0	0.0
2170	3	3.0
2171	1	1.0
2172	2	2.0
2173	2	2.0
2174	2	2.0
2175	0	0.0
2176	2	2.0
2177	0	0.0
2178	1	1.0
2179	0	0.0
2180	2	2.0
2181	2	1.0
2182	2	2.0
2183	1	1.0
2184	2	2.0
2185	2	2.0
2186	2	2.0
2187	0	0.0
2188	1	1.0
2189	1	1.0
2190	1	1.0
2191	0	0.0
2192	2	3.0
2193	3	3.0
2194	2	2.0
2195	1	1.0
2196	0	0.0
2197	1	1.0
2198	0	0.0
2199	2	2.0
2200	0	0.0
2201	3	3.0
2202	0	0.0
2203	1	1.0
2204	1	1.0
2205	2	2.0
2206	3	3.0
2207	3	3.0
2208	3	3.0
2209	1	2.0
2210	0	0.0
2211	2	2.0
2212	3	3.0
2213	1	1.0
2214	2	2.0
2215	2	2.0
2216	2	2.0
2217	2	2.0
2218	3	3.0
2219	2	2.0
2220	2	2.0
2221	3	3.0
2222	3	3.0
2223	1	1.0
2224	3	3.0
2225	2	2.0
2226	1	1.0
2227	1	1.0
2228	0	0.0
2229	3	2.0
2230	2	2.0
2231	1	1.0
2232	2	3.0
2233	3	3.0
2234	1	1.0
2235	2	2.0
2236	3	3.0
2237	2	2.0
2238	2	2.0
2239	2	2.0
2240	1	1.0
2241	1	2.0
2242	2	2.0
2243	3	3.0
2244	1	1.0
2245	2	3.0
2246	2	3.0
2247	2	2.0
2248	1	1.0
2249	1	1.0
2250	3	3.0
2251	2	2.0
2252	2	2.0
2253	0	0.0
2254	2	3.0
2255	1	1.0
2256	2	3.0
2257	0	0.0
2258	2	3.0
2259	1	1.0
2260	2	3.0
2261	2	3.0
2262	1	1.0
2263	2	2.0
2264	3	3.0
2265	1	1.0
2266	0	0.0
2267	1	1.0
2268	1	1.0
2269	3	3.0
2270	2	1.0
2271	1	1.0
2272	2	2.0
2273	2	2.0
2274	2	2.0
2275	3	3.0
2276	2	2.0
2277	2	2.0
2278	2	2.0
2279	0	0.0
2280	1	1.0
2281	0	0.0
2282	1	1.0
2283	1	1.0
2284	3	3.0
2285	3	3.0
2286	2	2.0
2287	2	2.0
2288	3	3.0
2289	2	2.0
2290	1	1.0
2291	2	2.0
2292	2	2.0
2293	0	0.0
2294	2	2.0
2295	2	2.0
2296	2	2.0
2297	2	2.0
2298	2	2.0
2299	1	1.0
2300	0	0.0
2301	1	1.0
2302	2	2.0
2303	2	3.0
2304	1	1.0
2305	2	2.0
2306	2	2.0
2307	1	1.0
2308	2	2.0
2309	3	3.0
2310	0	0.0
2311	2	3.0
2312	1	2.0
2313	2	2.0
2314	2	2.0
2315	2	3.0
2316	2	2.0
2317	2	2.0
2318	2	2.0
2319	1	1.0
2320	0	0.0
2321	1	1.0
2322	2	2.0
2323	3	3.0
2324	0	0.0
2325	2	2.0
2326	0	0.0
2327	3	3.0
2328	2	2.0
2329	0	0.0
2330	2	2.0
2331	2	2.0
2332	2	2.0
2333	0	0.0
2334	1	1.0
2335	3	3.0
2336	2	2.0
2337	1	1.0
2338	2	2.0
2339	2	2.0
2340	1	1.0
2341	1	1.0
2342	2	2.0
2343	3	3.0
2344	2	2.0
2345	2	2.0
2346	2	2.0
2347	2	2.0
2348	1	2.0
2349	2	2.0
2350	2	2.0
2351	1	1.0
2352	1	2.0
2353	1	1.0
2354	0	0.0
2355	2	2.0
2356	1	1.0
2357	3	3.0
2358	1	1.0
2359	1	1.0
2360	1	1.0
2361	1	1.0
2362	1	1.0
2363	1	1.0
2364	1	1.0
2365	2	2.0
2366	1	1.0
2367	3	3.0
2368	2	2.0
2369	2	2.0
2370	2	2.0
2371	2	2.0
2372	1	1.0
2373	0	0.0
2374	2	2.0
2375	2	3.0
2376	2	2.0
2377	1	2.0
2378	2	2.0
2379	1	2.0
2380	1	1.0
2381	1	1.0
2382	1	1.0
2383	2	2.0
2384	2	2.0
2385	2	2.0
2386	2	2.0
2387	1	1.0
2388	2	2.0
2389	2	2.0
2390	1	1.0
2391	2	2.0
2392	1	1.0
2393	3	3.0
2394	2	2.0
2395	0	0.0
2396	1	1.0
2397	1	1.0
2398	2	2.0
2399	1	1.0
2400	1	1.0
2401	1	1.0
2402	1	1.0
2403	2	2.0
2404	2	2.0
2405	1	1.0
2406	3	3.0
2407	1	1.0
2408	2	2.0
2409	3	3.0
2410	1	1.0
2411	2	2.0
2412	2	2.0
2413	2	2.0
2414	3	3.0
2415	1	1.0
2416	2	2.0
2417	1	1.0
2418	3	3.0
2419	2	3.0
2420	1	1.0
2421	1	1.0
2422	1	1.0
2423	2	2.0
2424	1	1.0
2425	2	2.0
2426	2	2.0
2427	2	2.0
2428	1	1.0
2429	1	1.0
2430	1	1.0
2431	0	0.0
2432	1	1.0
2433	1	1.0
2434	2	2.0
2435	1	1.0
2436	2	2.0
2437	1	1.0
2438	2	2.0
2439	3	2.0
2440	1	1.0
2441	2	2.0
2442	2	2.0
2443	1	1.0
2444	2	2.0
2445	0	0.0
2446	2	2.0
2447	0	0.0
2448	1	1.0
2449	1	2.0
2450	1	1.0
2451	1	1.0
2452	3	3.0
2453	1	1.0
2454	3	3.0
2455	1	1.0
2456	1	1.0
2457	3	3.0
2458	3	2.0
2459	1	1.0
2460	3	3.0
2461	1	1.0
2462	2	2.0
2463	0	0.0
2464	2	2.0
2465	2	2.0
2466	2	3.0
2467	1	2.0
2468	1	1.0
2469	2	2.0
2470	2	2.0
2471	0	0.0
2472	0	0.0
2473	3	3.0
2474	1	1.0
2475	2	1.0
2476	1	1.0
2477	1	1.0
2478	2	2.0
2479	1	1.0
2480	2	2.0
2481	2	2.0
2482	2	2.0
2483	2	3.0
2484	3	3.0
2485	3	3.0
2486	0	0.0
2487	1	1.0
2488	3	3.0
2489	3	3.0
2490	3	2.0
2491	1	1.0
2492	2	2.0
2493	3	3.0
2494	3	3.0
2495	2	2.0
2496	2	2.0
2497	1	1.0
2498	1	1.0
2499	0	0.0
2500	1	1.0
2501	2	2.0
2502	1	1.0
2503	1	1.0
2504	3	3.0
2505	3	3.0
2506	3	3.0
2507	1	1.0
2508	2	2.0
2509	1	2.0
2510	2	2.0
2511	1	1.0
2512	3	3.0
2513	2	2.0
2514	3	3.0
2515	0	0.0
2516	3	2.0
2517	2	2.0
2518	0	0.0
2519	1	1.0
2520	2	2.0
2521	1	1.0
2522	2	2.0
2523	3	2.0
2524	3	3.0
2525	0	0.0
2526	2	3.0
2527	2	2.0
2528	3	2.0
2529	0	0.0
2530	3	3.0
2531	2	2.0
2532	0	0.0
2533	1	1.0
2534	2	2.0
2535	2	2.0
2536	2	2.0
2537	2	2.0
2538	1	1.0
2539	3	3.0
2540	2	2.0
2541	2	2.0
2542	1	1.0
2543	3	3.0
2544	1	1.0
2545	1	1.0
2546	2	2.0
2547	1	1.0
2548	3	3.0
2549	2	1.0
2550	3	3.0
2551	0	0.0
2552	1	1.0
2553	3	2.0
2554	3	3.0
2555	1	1.0
2556	2	2.0
2557	2	2.0
2558	2	2.0
2559	1	2.0
2560	3	3.0
2561	1	1.0
2562	1	1.0
2563	2	2.0
2564	1	1.0
2565	1	1.0
2566	0	0.0
2567	2	1.0
2568	0	0.0
2569	2	2.0
2570	1	1.0
2571	3	3.0
2572	1	1.0
2573	3	2.0
2574	2	2.0
2575	1	1.0
2576	3	3.0
2577	2	2.0
2578	0	0.0
2579	3	3.0
2580	2	3.0
2581	1	2.0
2582	2	2.0
2583	3	3.0
2584	3	2.0
2585	3	3.0
2586	0	0.0
2587	1	1.0
2588	2	2.0
2589	0	0.0
2590	1	1.0
2591	1	1.0
2592	1	1.0
2593	3	3.0
2594	2	3.0
2595	2	2.0
2596	1	1.0
2597	3	2.0
2598	3	3.0
2599	0	0.0
2600	2	2.0
2601	2	2.0
2602	3	3.0
2603	0	0.0
2604	2	2.0
2605	0	0.0
2606	2	2.0
2607	2	2.0
2608	2	2.0
2609	1	1.0
2610	3	3.0
2611	2	2.0
2612	0	0.0
2613	1	2.0
2614	2	2.0
2615	0	0.0
2616	1	1.0
2617	3	3.0
2618	1	1.0
2619	1	1.0
2620	2	2.0
2621	2	2.0
2622	0	0.0
2623	1	1.0
2624	1	1.0
2625	1	1.0
2626	2	2.0
2627	1	1.0
2628	1	1.0
2629	1	1.0
2630	1	1.0
2631	1	1.0
2632	1	2.0
2633	2	2.0
2634	2	2.0
2635	1	1.0
2636	1	1.0
2637	2	2.0
2638	0	0.0
2639	1	1.0
2640	2	2.0
2641	2	2.0
2642	2	3.0
2643	1	1.0
2644	1	1.0
2645	2	2.0
2646	2	2.0
2647	1	1.0
2648	1	1.0
2649	1	1.0
2650	0	0.0
2651	2	2.0
2652	3	3.0
2653	3	3.0
2654	2	3.0
2655	2	2.0
2656	3	3.0
2657	2	2.0
2658	0	0.0
2659	1	1.0
2660	1	1.0
2661	3	3.0
2662	2	2.0
2663	2	2.0
2664	1	1.0
2665	3	3.0
2666	3	3.0
2667	3	3.0
2668	3	3.0
2669	1	1.0
2670	2	3.0
2671	2	2.0
2672	2	2.0
2673	3	3.0
2674	2	1.0
2675	3	3.0
2676	2	2.0
2677	2	3.0
2678	1	1.0
2679	2	2.0
2680	1	1.0
2681	1	1.0
2682	0	0.0
2683	1	1.0
2684	1	1.0
2685	1	1.0
2686	1	1.0
2687	1	1.0
2688	0	0.0
2689	3	3.0
2690	2	2.0
2691	2	2.0
2692	0	0.0
2693	2	2.0
2694	0	0.0
2695	2	2.0
2696	2	3.0
2697	1	1.0
2698	1	1.0
2699	1	1.0
2700	1	1.0
2701	1	1.0
2702	1	1.0
2703	1	1.0
2704	3	3.0
2705	3	3.0
2706	2	3.0
2707	1	1.0
2708	2	2.0
2709	1	1.0
2710	1	1.0
2711	0	0.0
2712	2	2.0
2713	2	2.0
2714	1	1.0
2715	2	2.0
2716	3	3.0
2717	1	1.0
2718	1	1.0
2719	2	3.0
2720	1	1.0
2721	2	2.0
2722	1	1.0
2723	0	0.0
2724	0	0.0
2725	0	0.0
2726	1	1.0
2727	2	2.0
2728	2	2.0
2729	2	1.0
2730	2	2.0
2731	2	2.0
2732	1	1.0
2733	3	3.0
2734	1	1.0
2735	2	2.0
2736	1	1.0
2737	1	1.0
2738	1	1.0
2739	1	1.0
2740	1	1.0
2741	2	2.0
2742	2	2.0
2743	2	2.0
2744	1	1.0
2745	0	0.0
2746	2	2.0
2747	2	3.0
2748	3	3.0
2749	3	3.0
2750	0	0.0
2751	2	2.0
2752	2	2.0
2753	2	1.0
2754	1	1.0
2755	1	1.0
2756	2	2.0
2757	1	1.0
2758	3	3.0
2759	3	3.0
2760	3	3.0
2761	3	3.0
2762	1	1.0
2763	3	3.0
2764	1	2.0
2765	3	3.0
2766	2	2.0
2767	2	2.0
2768	1	1.0
2769	2	2.0
2770	2	2.0
2771	2	2.0
2772	2	2.0
2773	2	2.0
2774	1	1.0
2775	2	1.0
2776	2	3.0
2777	0	0.0
2778	1	1.0
2779	2	3.0
2780	2	2.0
2781	3	3.0
2782	1	1.0
2783	2	2.0
2784	2	2.0
2785	2	2.0
2786	1	1.0
2787	2	2.0
2788	3	2.0
2789	3	3.0
2790	1	1.0
2791	1	3.0
2792	2	2.0
2793	2	2.0
2794	3	3.0
2795	2	2.0
2796	1	1.0
2797	2	2.0
2798	0	0.0
2799	3	3.0
2800	3	3.0
2801	3	3.0
2802	3	3.0
2803	0	0.0
2804	1	1.0
2805	2	2.0
2806	3	1.0
2807	2	2.0
2808	2	2.0
2809	2	3.0
2810	2	2.0
2811	1	1.0
2812	2	2.0
2813	2	2.0
2814	1	1.0
2815	2	2.0
2816	2	2.0
2817	1	1.0
2818	0	0.0
2819	2	2.0
2820	2	2.0
2821	1	1.0
2822	1	1.0
2823	3	3.0
2824	0	0.0
2825	1	1.0
2826	2	2.0
2827	2	2.0
2828	2	2.0
2829	3	3.0
2830	2	1.0
2831	1	1.0
2832	1	1.0
2833	2	3.0
2834	2	3.0
2835	1	1.0
2836	1	1.0
2837	2	2.0
2838	1	1.0
2839	3	3.0
2840	1	1.0
2841	2	2.0
2842	3	3.0
2843	0	0.0
2844	2	2.0
2845	1	1.0
2846	3	2.0
2847	3	3.0
2848	1	1.0
2849	3	3.0
2850	0	0.0
2851	2	2.0
2852	1	2.0
2853	2	2.0
2854	2	2.0
2855	1	1.0
2856	1	1.0
2857	1	1.0
2858	2	3.0
2859	2	2.0
2860	2	2.0
2861	2	2.0
2862	2	2.0
2863	1	1.0
2864	1	1.0
2865	3	3.0
2866	1	1.0
2867	1	1.0
2868	1	1.0
2869	3	3.0
2870	0	0.0
2871	1	1.0
2872	2	3.0
2873	1	1.0
2874	2	2.0
2875	0	0.0
2876	0	0.0
2877	2	2.0
2878	2	2.0
2879	2	2.0
2880	1	1.0
2881	2	1.0
2882	1	1.0
2883	1	1.0
2884	1	1.0
2885	3	3.0
2886	0	0.0
2887	1	1.0
2888	0	0.0
2889	2	2.0
2890	1	1.0
2891	1	1.0
2892	2	3.0
2893	1	1.0
2894	2	1.0
2895	3	3.0
2896	2	1.0
2897	1	1.0
2898	2	2.0
2899	1	1.0
2900	3	2.0
2901	1	1.0
2902	3	2.0
2903	3	2.0
2904	2	2.0
2905	1	1.0
2906	1	1.0
2907	1	1.0
2908	3	3.0
2909	1	3.0
2910	1	2.0
2911	2	2.0
2912	2	2.0
2913	1	1.0
2914	2	2.0
2915	1	1.0
2916	2	3.0
2917	1	1.0
2918	1	1.0
2919	2	2.0
2920	0	0.0
2921	1	1.0
2922	3	3.0
2923	2	2.0
2924	3	2.0
2925	3	3.0
2926	1	1.0
2927	2	2.0
2928	1	1.0
2929	2	2.0
2930	3	3.0
2931	2	2.0
2932	1	1.0
2933	1	1.0
2934	3	3.0
2935	2	2.0
2936	1	1.0
2937	1	1.0
2938	0	0.0
2939	2	2.0
2940	1	1.0
2941	0	0.0
2942	1	1.0
2943	2	1.0
2944	2	2.0
2945	1	1.0
2946	3	3.0
2947	3	3.0
2948	0	0.0
2949	0	0.0
2950	0	0.0
2951	3	3.0
2952	1	1.0
2953	0	0.0
2954	2	3.0
2955	2	1.0
2956	1	1.0
2957	1	1.0
2958	2	3.0
2959	1	1.0
2960	2	3.0
2961	2	2.0
2962	3	3.0
2963	0	0.0
2964	2	2.0
2965	0	0.0
2966	1	1.0
2967	3	3.0
2968	2	2.0
2969	2	2.0
2970	0	0.0
2971	2	3.0
2972	1	2.0
2973	1	2.0
2974	3	3.0
2975	2	2.0
2976	2	2.0
2977	1	1.0
2978	1	1.0
2979	2	2.0
2980	1	1.0
2981	0	0.0
2982	0	0.0
2983	3	3.0
2984	2	2.0
2985	1	1.0
2986	1	1.0
2987	1	1.0
2988	2	3.0
2989	1	1.0
2990	1	1.0
2991	3	3.0
2992	2	3.0
2993	3	3.0
2994	1	1.0
2995	3	3.0
2996	3	3.0
2997	0	0.0
2998	2	2.0
2999	1	1.0
3000	2	2.0
3001	1	1.0
3002	2	2.0
3003	2	2.0
3004	3	3.0
3005	1	1.0
3006	1	1.0
3007	1	1.0
3008	1	1.0
3009	0	0.0
3010	1	1.0
3011	1	2.0
3012	1	1.0
3013	2	3.0
3014	0	0.0
3015	2	3.0
3016	1	1.0
3017	0	0.0
3018	2	2.0
3019	0	0.0
3020	2	3.0
3021	2	2.0
3022	2	2.0
3023	0	0.0
3024	2	2.0
3025	1	1.0
3026	0	0.0
3027	1	1.0
3028	1	1.0
3029	3	3.0
3030	3	3.0
3031	1	1.0
3032	2	2.0
3033	1	2.0
3034	2	2.0
3035	0	0.0
3036	3	3.0
3037	2	2.0
3038	1	1.0
3039	2	3.0
3040	3	3.0
3041	1	1.0
3042	1	1.0
3043	2	2.0
3044	1	1.0
3045	2	2.0
3046	3	3.0
3047	0	0.0
3048	3	3.0
3049	1	1.0
3050	1	1.0
3051	1	1.0
3052	0	0.0
3053	1	1.0
3054	2	2.0
3055	2	2.0
3056	2	2.0
3057	2	2.0
3058	3	3.0
3059	1	2.0
3060	2	2.0
3061	3	3.0
3062	3	3.0
3063	3	3.0
3064	2	2.0
3065	3	2.0
3066	3	3.0
3067	2	2.0
3068	3	3.0
3069	2	3.0
3070	0	0.0
3071	1	1.0
3072	1	1.0
3073	3	3.0
3074	1	1.0
3075	2	2.0
3076	2	3.0
3077	0	0.0
3078	1	1.0
3079	2	2.0
3080	2	2.0
3081	3	3.0
3082	1	1.0
3083	1	1.0
3084	2	2.0
3085	2	2.0
3086	1	1.0
3087	1	1.0
3088	2	2.0
3089	3	3.0
3090	3	3.0
3091	3	3.0
3092	1	1.0
3093	3	3.0
3094	3	3.0
3095	0	0.0
3096	1	1.0
3097	2	2.0
3098	3	3.0
3099	3	3.0
3100	3	3.0
3101	2	3.0
3102	2	2.0
3103	2	3.0
3104	3	3.0
3105	1	1.0
3106	2	2.0
3107	1	2.0
3108	1	1.0
3109	2	2.0
3110	1	1.0
3111	3	3.0
3112	1	2.0
3113	3	3.0
3114	3	3.0
3115	2	2.0
3116	2	3.0
3117	2	3.0
3118	0	0.0
3119	2	2.0
3120	3	2.0
3121	2	2.0
3122	1	1.0
3123	1	1.0
3124	1	1.0
3125	0	0.0
3126	3	3.0
3127	1	2.0
3128	2	2.0
3129	2	2.0
3130	3	3.0
3131	1	1.0
3132	1	1.0
3133	0	0.0
3134	1	1.0
3135	2	2.0
3136	2	2.0
3137	1	1.0
3138	3	2.0
3139	1	1.0
3140	3	3.0
3141	1	1.0
3142	0	0.0
3143	0	0.0
3144	2	2.0
3145	2	3.0
3146	0	0.0
3147	0	0.0
3148	3	3.0
3149	3	3.0
3150	2	2.0
3151	1	1.0
3152	0	0.0
3153	0	0.0
3154	0	0.0
3155	2	2.0
3156	1	1.0
3157	2	2.0
3158	2	2.0
3159	3	2.0
3160	1	1.0
3161	1	1.0
3162	3	3.0
3163	3	2.0
3164	2	2.0
3165	2	2.0
3166	3	3.0
3167	2	2.0
3168	0	0.0
3169	2	2.0
3170	2	2.0
3171	3	3.0
3172	1	1.0
3173	1	1.0
3174	2	2.0
3175	1	1.0
3176	0	0.0
3177	3	3.0
3178	3	2.0
3179	2	2.0
3180	1	1.0
3181	2	2.0
3182	2	2.0
3183	1	1.0
3184	2	2.0
3185	0	0.0
3186	1	1.0
3187	2	3.0
3188	0	0.0
3189	0	0.0
3190	0	0.0
3191	2	2.0
3192	1	2.0
3193	1	1.0
3194	3	3.0
3195	2	2.0
3196	2	2.0
3197	1	1.0
3198	1	2.0
3199	0	0.0
3200	2	2.0
3201	3	3.0
3202	2	2.0
3203	0	0.0
3204	2	2.0
3205	1	1.0
3206	2	2.0
3207	1	1.0
3208	1	1.0
3209	2	2.0
3210	1	1.0
3211	2	2.0
3212	3	2.0
3213	1	1.0
3214	2	2.0
3215	2	2.0
3216	0	0.0
3217	2	2.0
3218	2	2.0
3219	1	1.0
3220	0	0.0
3221	2	2.0
3222	2	2.0
3223	1	1.0
3224	2	2.0
3225	2	1.0
3226	2	2.0
3227	1	1.0
3228	1	1.0
3229	3	3.0
3230	1	1.0
3231	1	1.0
3232	3	3.0
3233	3	3.0
3234	3	3.0
3235	2	2.0
3236	2	2.0
3237	3	3.0
3238	2	2.0
3239	0	0.0
3240	1	1.0
3241	1	1.0
3242	0	0.0
3243	2	2.0
3244	1	1.0
3245	2	2.0
3246	2	2.0
3247	1	1.0
3248	1	1.0
3249	1	1.0
3250	1	1.0
3251	1	1.0
3252	3	3.0
3253	3	3.0
3254	3	3.0
3255	1	1.0
3256	2	2.0
3257	1	2.0
3258	1	1.0
3259	1	1.0
3260	0	0.0
3261	2	2.0
3262	1	1.0
3263	2	2.0
3264	1	2.0
3265	3	3.0
3266	1	1.0
3267	2	2.0
3268	2	2.0
3269	3	3.0
3270	2	2.0
3271	2	2.0
3272	3	3.0
3273	1	1.0
3274	1	1.0
3275	2	1.0
3276	1	1.0
3277	2	2.0
3278	1	1.0
3279	3	3.0
3280	3	3.0
3281	2	2.0
3282	1	1.0
3283	2	2.0
3284	3	3.0
3285	3	3.0
3286	2	2.0
3287	0	0.0
3288	3	3.0
3289	1	1.0
3290	0	0.0
3291	2	2.0
3292	1	1.0
3293	3	3.0
3294	1	1.0
3295	3	3.0
3296	2	2.0
3297	2	2.0
3298	0	0.0
3299	2	3.0
3300	2	2.0
3301	0	0.0
3302	2	2.0
3303	2	2.0
3304	1	1.0
3305	1	1.0
3306	1	1.0
3307	2	3.0
3308	3	3.0
3309	1	1.0
3310	2	2.0
3311	3	3.0
3312	0	0.0
3313	1	2.0
3314	2	2.0
3315	3	0.0
3316	3	3.0
3317	1	1.0
3318	0	0.0
3319	2	2.0
3320	3	3.0
3321	0	0.0
3322	2	3.0
3323	1	1.0
3324	3	3.0
3325	1	1.0
3326	3	3.0
3327	1	1.0
3328	2	2.0
3329	1	1.0
3330	1	2.0
3331	3	3.0
3332	2	3.0
3333	2	2.0
3334	2	2.0
3335	1	1.0
3336	2	2.0
3337	3	3.0
3338	1	1.0
3339	3	3.0
3340	1	1.0
3341	2	2.0
3342	1	1.0
3343	1	1.0
3344	2	2.0
3345	3	3.0
3346	1	1.0
3347	1	1.0
3348	1	1.0
3349	0	0.0
3350	1	1.0
3351	1	1.0
3352	2	2.0
3353	2	2.0
3354	1	1.0
3355	2	2.0
3356	1	1.0
3357	1	1.0
3358	1	1.0
3359	1	1.0
3360	2	2.0
3361	1	1.0
3362	1	1.0
3363	1	1.0
3364	1	1.0
3365	1	1.0
3366	2	3.0
3367	1	1.0
3368	1	1.0
3369	2	2.0
3370	2	2.0
3371	1	1.0
3372	2	2.0
3373	2	2.0
3374	3	3.0
3375	2	2.0
3376	2	2.0
3377	1	2.0
3378	1	1.0
3379	1	1.0
3380	2	2.0
3381	2	3.0
3382	2	2.0
3383	2	2.0
3384	0	0.0
3385	3	3.0
3386	2	2.0
3387	1	2.0
3388	2	2.0
3389	2	3.0
3390	3	3.0
3391	1	1.0
3392	2	2.0
3393	2	2.0
3394	1	1.0
3395	3	3.0
3396	2	2.0
3397	1	1.0
3398	2	2.0
3399	2	2.0
3400	2	3.0
3401	2	2.0
3402	1	1.0
3403	0	0.0
3404	2	2.0
3405	1	1.0
3406	2	2.0
3407	2	2.0
3408	3	2.0
3409	1	2.0
3410	1	1.0
3411	0	0.0
3412	1	1.0
3413	3	3.0
3414	3	3.0
3415	1	1.0
3416	2	2.0
3417	2	2.0
3418	0	0.0
3419	1	1.0
3420	2	2.0
3421	1	1.0
3422	2	2.0
3423	0	0.0
3424	0	0.0
3425	1	1.0
3426	0	0.0
3427	1	1.0
3428	1	1.0
3429	2	2.0
3430	3	3.0
3431	0	0.0
3432	1	1.0
3433	1	1.0
3434	2	2.0
3435	1	1.0
3436	2	2.0
3437	3	2.0
3438	2	2.0
3439	2	3.0
3440	2	2.0
3441	0	0.0
3442	2	2.0
3443	2	2.0
3444	3	2.0
3445	0	0.0
3446	1	1.0
3447	1	1.0
3448	1	1.0
3449	1	1.0
3450	1	1.0
3451	2	2.0
3452	1	1.0
3453	3	3.0
3454	1	1.0
3455	2	2.0
3456	3	3.0
3457	1	1.0
3458	0	0.0
3459	0	0.0
3460	0	0.0
3461	2	3.0
3462	1	1.0
3463	3	3.0
3464	1	1.0
3465	2	2.0
3466	1	1.0
3467	1	2.0
3468	2	2.0
3469	1	1.0
3470	2	2.0
3471	3	3.0
3472	0	0.0
3473	1	1.0
3474	2	2.0
3475	2	2.0
3476	2	3.0
3477	3	2.0
3478	1	1.0
3479	1	1.0
3480	2	2.0
3481	3	3.0
3482	3	3.0
3483	2	2.0
3484	0	0.0
3485	2	2.0
3486	3	3.0
3487	0	0.0
3488	1	1.0
3489	1	1.0
3490	2	2.0
3491	1	1.0
3492	2	2.0
3493	3	2.0
3494	2	2.0
3495	3	3.0
3496	2	2.0
3497	2	2.0
3498	2	2.0
3499	1	1.0
3500	3	3.0
3501	2	2.0
3502	2	2.0
3503	0	0.0
3504	2	2.0
3505	0	0.0
3506	2	2.0
3507	2	2.0
3508	0	0.0
3509	1	1.0
3510	2	3.0
3511	1	2.0
3512	2	2.0
3513	2	3.0
3514	2	2.0
3515	3	3.0
3516	2	2.0
3517	2	3.0
3518	3	3.0
3519	2	2.0
3520	3	3.0
3521	3	3.0
3522	3	3.0
3523	1	2.0
3524	0	0.0
3525	3	2.0
3526	0	0.0
3527	2	2.0
3528	3	3.0
3529	1	1.0
3530	2	2.0
3531	2	2.0
3532	3	3.0
3533	1	1.0
3534	2	2.0
3535	0	0.0
3536	1	2.0
3537	1	1.0
3538	0	0.0
3539	2	2.0
3540	2	3.0
3541	2	3.0
3542	1	1.0
3543	2	2.0
3544	1	3.0
3545	1	1.0
3546	2	2.0
3547	1	1.0
3548	2	2.0
3549	2	3.0
3550	1	1.0
3551	2	2.0
3552	3	3.0
3553	1	1.0
3554	1	1.0
3555	1	1.0
3556	1	1.0
3557	1	1.0
3558	3	3.0
3559	2	2.0
3560	2	2.0
3561	2	2.0
3562	1	1.0
3563	2	2.0
3564	2	1.0
3565	3	3.0
3566	1	1.0
3567	2	2.0
3568	1	1.0
3569	1	1.0
3570	1	1.0
3571	1	1.0
3572	1	1.0
3573	0	0.0
3574	1	1.0
3575	3	3.0
3576	1	1.0
3577	2	2.0
3578	1	2.0
3579	3	3.0
3580	1	2.0
3581	2	2.0
3582	2	2.0
3583	3	3.0
3584	1	1.0
3585	1	1.0
3586	3	3.0
3587	2	1.0
3588	2	2.0
3589	2	3.0
3590	2	2.0
3591	3	3.0
3592	2	2.0
3593	1	1.0
3594	2	3.0
3595	1	1.0
3596	2	2.0
3597	2	2.0
3598	1	1.0
3599	0	0.0
3600	0	0.0
3601	2	3.0
3602	2	2.0
3603	2	3.0
3604	1	1.0
3605	3	3.0
3606	1	1.0
3607	2	2.0
3608	1	1.0
3609	1	1.0
3610	2	3.0
3611	2	2.0
3612	2	2.0
3613	1	1.0
3614	1	1.0
3615	0	0.0
3616	3	3.0
3617	2	2.0
3618	2	2.0
3619	1	1.0
3620	2	2.0
3621	3	3.0
3622	3	2.0
3623	1	1.0
3624	1	1.0
3625	2	2.0
3626	3	3.0
3627	2	2.0
3628	1	1.0
3629	2	2.0
